sequence,execution time,date,metadata
4,16.4643,2021-03-04 04:50:47,"{'label': 'a0ff0f30dfca8c9a5e3de3a82abfdbf097a90943', 'runID': '141961'}"
6,16.0376,2021-03-21 03:21:57,"{'label': '0ad0c476efdbc6b8e933edc32e6f943ed3a33b0d', 'runID': '142503'}"
25,16.6122,2021-03-10 20:56:38,"{'label': '0ba1ebcbb7751ad53d7be4704f815503837a75f8', 'runID': '142117'}"
44,16.7619,2021-03-13 03:57:57,"{'label': '0bf2da53c12b3d2bf213f667af74059280a0d661', 'runID': '142178'}"
57,16.5269,2021-04-28 20:16:00,"{'label': '0cc3e10f5e291d85d5c5047ee783340a8694a249', 'runID': '144702'}"
235,16.7058,2021-01-17 12:08:31,"{'label': '00dc97f16708aad67834552285c0af01b37303d6', 'runID': '140272'}"
274,16.6858,2021-05-24 20:27:25,"{'label': '00bfde723b643b4b79b2cf4193fb65ef0b9d47ee', 'runID': '145737'}"
283,17.358,2021-01-16 11:26:35,"{'label': 'e0a979ccadd81c71d78be816e893dd1bcd6508ee', 'runID': '140223'}"
301,16.5977,2021-04-22 20:10:45,"{'label': 'c0bf5929eea7ee86d664f069c2cfb9c65fcda05c', 'runID': '144345'}"
391,16.7228,2021-03-02 03:52:16,"{'label': 'ea1a1ebbc673d810f1abf6cb58a40b5ec916ff07', 'runID': '141912'}"
413,16.8121,2021-05-24 23:41:36,"{'label': '1ec03f3de5d580d85cc256058cc0d2dd254b9e1a', 'runID': '145745'}"
433,16.7281,2021-02-27 06:45:55,"{'label': '1d4a2f37785b98fd2321f6c3f684717596ce7377', 'runID': '141775'}"
461,16.7982,2021-01-20 20:43:43,"{'label': '1c6d1e57c15b59114a05b20e667517872510aaa9', 'runID': '140351'}"
486,16.5151,2021-06-05 13:23:21,"{'label': 'dc1e7b73b81811b74a4fbde4c5cfab5a3ea7f820', 'runID': '146386'}"
515,16.531,2021-05-22 19:20:08,"{'label': 'fc01b9bdf8b55f6b09f1dcaedf78dad62ff205c1', 'runID': '145630'}"
538,16.8836,2021-01-15 20:14:51,"{'label': '1f21de535d37997c41b9b1ecb2f7ca0e472e9f77', 'runID': '140185'}"
565,16.8253,2021-06-12 14:54:02,"{'label': '1e50c3d785f4563873ab1ce86559f2a1285b5678', 'runID': '146780'}"
589,16.4653,2021-06-13 06:06:12,"{'label': '1e72b9d52f9c734559ac7b134e3ead678e30cfd0', 'runID': '146810'}"
617,17.0735,2021-04-29 01:50:50,"{'label': '1bbbcff99de8e53b89146386bb2587ed4fc8e9cf', 'runID': '144716'}"
642,16.5155,2021-01-15 15:58:34,"{'label': '1a497ae9b83653682d6d20f1ec131394e523375d', 'runID': '140173'}"
659,16.6709,2021-02-14 04:03:14,"{'label': 'efb1cb752bf12149af9c773f702a757ba9721649', 'runID': '141015'}"
746,16.5699,2021-02-05 04:02:13,"{'label': '1ac98044dfc250a0454762eb49f138b1f3f035e7', 'runID': '140676'}"
769,16.303,2021-05-23 19:34:46,"{'label': '1e6630311c4634bcaa2c5b091a9c31874f3309a3', 'runID': '145674'}"
816,16.5383,2021-02-19 00:41:38,"{'label': '2d3d2e78d08578f4699cc268b7c292c3ff97e7fe', 'runID': '141290'}"
818,16.8042,2021-03-08 16:14:32,"{'label': '2ef03bc3a83f67a98d82a03a0c0f7ac9caf2426f', 'runID': '142055'}"
832,16.8947,2021-01-24 03:14:27,"{'label': '2a4acf3ea8db19981284468c354aea2835fbfa08', 'runID': '140470'}"
883,16.7821,2021-05-15 16:25:03,"{'label': 'aaf2c7b518b3606139171aca3fd030287039cedd', 'runID': '145283'}"
918,16.3818,2021-01-23 12:04:05,"{'label': '2b9a834c43cb1f93d33958c14b695896bb4e9c1e', 'runID': '140450'}"
934,16.4902,2021-03-08 11:54:12,"{'label': 'c2d18d700500991eff15ac674dacdeb3e1d8c21d', 'runID': '142051'}"
1037,16.2495,2021-06-08 12:06:53,"{'label': '2b626aba448a5febb76cca87623c7a380b9e96d6', 'runID': '146543'}"
1107,16.6397,2021-03-02 11:39:33,"{'label': 'de2b70010aed514acfb919f0ad997ae785fedfe0', 'runID': '141919'}"
1161,16.5158,2021-06-10 12:18:38,"{'label': '3c1f0e9ef89f7c49fdf383e6b01a61be04614a38', 'runID': '146664'}"
1217,16.7062,2021-05-21 20:24:29,"{'label': '3c4b79481d457b60a1c80fbdac5335be681a9dbe', 'runID': '145577'}"
1255,16.5656,2021-02-24 03:46:06,"{'label': 'a3ce7f5cd2ae236bec7752e343f4b63ddda7ebe7', 'runID': '141585'}"
1260,16.7455,2021-03-10 04:26:16,"{'label': '3f7f7f161540ba4a0f8cd48a4f1d5ab323cedd92', 'runID': '142098'}"
1265,16.7971,2021-01-24 11:29:27,"{'label': 'b3d7e761e347d562333893652dcf3837fa55d777', 'runID': '140475'}"
1283,16.7395,2021-04-25 02:53:57,"{'label': '3b8ec86fd576b9808dc63da620d9a4f7bbe04372', 'runID': '144480'}"
1285,16.4762,2021-02-20 08:07:25,"{'label': '3b8cfef4860adc0ffc984db258604851604ca4ff', 'runID': '141375'}"
1301,16.3752,2021-05-20 20:44:43,"{'label': '3eb12b0ae11fe23dc06e55e526fb45e460f72f1e', 'runID': '145517'}"
1315,16.4835,2021-02-28 12:13:08,"{'label': 'ab3ea27b6fce6e57301c3e6efc96f80b5eb31ac4', 'runID': '141835'}"
1374,16.6809,2021-04-25 06:30:15,"{'label': 'c3f95e9197643b699b891ca416ce7d72cf89f5fc', 'runID': '144486'}"
1408,16.661,2021-05-25 12:24:15,"{'label': 'f3c577ed38e55dca46692313f5b76688a115861a', 'runID': '145781'}"
1446,16.5977,2021-02-20 16:31:22,"{'label': '3e1317fd323bf92c6adaf67598697049b08bb373', 'runID': '141396'}"
1537,16.7595,2021-05-23 09:02:27,"{'label': 'd4abbcfb0d4aa57878c17940265035c787e3bec0', 'runID': '145654'}"
1538,16.5403,2021-05-17 15:47:50,"{'label': 'f4c0fdc6c9db616e2a50e3b39c615f972b4b3158', 'runID': '145326'}"
1558,16.7427,2021-02-28 19:10:41,"{'label': 'b4bed1cb245b04ed6ed50b5d68d928e9e9f216f7', 'runID': '141847'}"
1561,16.6134,2021-03-09 16:27:46,"{'label': '4e1c487004a29ec9bc56fd47fc30336d033c57dd', 'runID': '142084'}"
1661,16.697,2021-04-24 16:08:31,"{'label': 'd4ec8ea19cb1c944f70b584b2bdb8a12ea875261', 'runID': '144458'}"
1718,16.5201,2021-01-16 16:01:42,"{'label': 'bdd4dda58b0de08bd3474fb8d4589a9ba9349e88', 'runID': '140237'}"
1956,16.9268,2021-02-14 14:06:30,"{'label': '5f3c99085d4c2ebf57fd0586b013b02e32a8e20b', 'runID': '141029'}"
1990,16.5136,2021-03-17 07:45:08,"{'label': '5bd6b0a62b0e66b358bc499e9746f111ef98409d', 'runID': '142276'}"
2035,16.3439,2021-02-28 21:10:09,"{'label': '5de09ef02e24d234d9fc0cd1c6dfe18a1bb784b0', 'runID': '141852'}"
2053,16.9612,2021-02-26 04:03:24,"{'label': '5fc9e309856997337dc6fdbc46ac36e37225b139', 'runID': '141706'}"
2082,16.6276,2021-01-23 20:00:08,"{'label': '5ad038aafa3a07a4491bf12cf6edf2026f3f17d1', 'runID': '140460'}"
2114,16.4439,2021-02-20 19:25:06,"{'label': '5ec75c600713d529cee75943f398d12df15574db', 'runID': '141403'}"
2116,16.6822,2021-05-22 22:59:48,"{'label': '5ff79f001feb6584e87173348a24f3f317e35984', 'runID': '145638'}"
2182,16.5691,2021-03-20 12:45:34,"{'label': '5cbe2279f723f1cca1a542d95e7d9760e4f52240', 'runID': '142464'}"
2184,16.6687,2021-06-10 04:04:10,"{'label': '5fc2673fbce247e107094b28c22cbb2d5f1691a8', 'runID': '146643'}"
2233,16.4665,2021-05-22 07:52:46,"{'label': 'fd5cc418186ab0fc0650ec373fdf016101eba21d', 'runID': '145603'}"
2331,16.5526,2021-02-24 08:38:13,"{'label': 'cb6fc4b0a35402a946e17b101ecd5cd0edd8c602', 'runID': '141599'}"
2335,16.7283,2021-03-21 22:45:57,"{'label': '6a4fbf14ef1027be79703c0ca415eaedd4e1c7c7', 'runID': '142552'}"
2340,16.8717,2021-02-27 11:39:56,"{'label': 'df6fb4d392e530fbf9d4e331711c500d47980dcc', 'runID': '141781'}"
2355,16.7521,2021-04-28 00:34:28,"{'label': '06d06f2f6403066415df7b8854e6aff7586a92df', 'runID': '144649'}"
2374,17.4018,2021-05-15 05:00:07,"{'label': '6ce7b2f026129dd675b6e389ae83979ea8c45750', 'runID': '145270'}"
2391,16.0867,2021-05-24 04:15:50,"{'label': '6caea8a7fa62112070b465eccb7baa241969266c', 'runID': '145696'}"
2401,16.3307,2021-05-16 14:59:39,"{'label': '06a9b0c6f445585393cdac3d488b7e9b28c7c5d5', 'runID': '145302'}"
2404,16.3261,2021-05-22 15:49:50,"{'label': '6f9ac11e3960bf5953b3af4b0c4e2682ea802081', 'runID': '145623'}"
2438,16.3769,2021-02-25 04:12:51,"{'label': '6d31ee1cea7554fec9f3be6c4a40fc10e1595879', 'runID': '141651'}"
2461,16.6349,2021-01-18 07:57:25,"{'label': 'cfec6cd50c36f3db2fcd4084a8ef4df834a4eb24', 'runID': '140286'}"
2514,16.5169,2021-02-05 07:14:04,"{'label': '6c097f73ca032e73b2eb4ec21ee9d0773c86d4ed', 'runID': '140679'}"
2579,16.0163,2021-05-25 19:57:11,"{'label': '6a2869cf1e5b09fa18df09a622b06ce48b34ed81', 'runID': '145799'}"
2588,16.6354,2021-03-01 03:57:41,"{'label': '06c5119c76e9fa4f8be6728ae26832d3ebc70244', 'runID': '141857'}"
2667,16.8054,2021-04-24 11:44:24,"{'label': '6c570442318e2d3b8b13e95c2f2f588d71491acb', 'runID': '144443'}"
2690,16.4637,2021-03-23 03:54:02,"{'label': 'd7b0c19823892b2c94a9e347dec880a3531980ff', 'runID': '142632'}"
2691,16.4812,2021-02-15 11:47:08,"{'label': '7f0ed92667249b48e2064c0e67cc256b6141752b', 'runID': '141080'}"
2721,16.8951,2021-03-09 04:22:27,"{'label': '7a3e664db5761e27a3cf7d67580f43470f927624', 'runID': '142069'}"
2963,16.9052,2021-03-24 06:49:03,"{'label': '7c5222e4d1a3a14f029e5f614c9aefd0fa505f1e', 'runID': '142703'}"
3007,16.7276,2021-02-28 07:23:56,"{'label': '7fb400112f6c41fc98ee5d584cdc0dfe76393a25', 'runID': '141825'}"
3098,16.6272,2021-06-05 03:29:20,"{'label': 'd8a4a2cb93212c493b7b47663c1cda1103de0bfc', 'runID': '146364'}"
3163,16.7991,2021-05-15 07:11:38,"{'label': 'dbf8cc7b6625ed3547e49b2faecdde3337b1ea6d', 'runID': '145272'}"
3166,16.6989,2021-03-19 03:56:42,"{'label': 'd8ab7ad317305d80e405ffdb4f33983f743a6ca2', 'runID': '142369'}"
3171,16.5013,2021-06-06 19:16:20,"{'label': '8ab8b3fad7a6e08452e30aaa3a75d6ec89ca5bf2', 'runID': '146447'}"
3173,16.7735,2021-02-25 08:19:55,"{'label': 'd8a8e5d6240a1db809cd95106910358e69bbf299', 'runID': '141662'}"
3195,17.0289,2021-01-24 15:51:31,"{'label': '8b9df70bf7e7b812715a3dc9772719188e0df06c', 'runID': '140480'}"
3225,16.7808,2021-02-28 03:42:05,"{'label': 'ed8f29d91ecd5be9854073dc1e0e78660d3dff78', 'runID': '141819'}"
3239,16.6975,2021-06-08 04:09:13,"{'label': '8ce45f97283460a330201a199e686e8e088805e0', 'runID': '146524'}"
3289,16.9767,2021-01-21 04:05:40,"{'label': 'a8b96eadfd93f1641c72c378e33af636f463ab02', 'runID': '140360'}"
3358,16.6584,2021-03-20 19:38:52,"{'label': 'ee8b53815ddf6f6f94ade0068903cd5ae843fafa', 'runID': '142480'}"
3652,16.4111,2021-02-22 04:15:37,"{'label': 'ffba9e596d09a1d41f83102756e145b59d3f8495', 'runID': '141465'}"
3697,17.0306,2021-03-01 07:18:38,"{'label': '9fac8496eae809c288096037d7a3f5a1a3d04c7a', 'runID': '141865'}"
3723,16.8919,2021-05-18 04:19:38,"{'label': 'ed9d70781bbd1dc858b9f6913729fcc49a1e4bdf', 'runID': '145354'}"
3815,16.7729,2021-06-10 00:09:19,"{'label': 'cf11d9585afd5c43031aaaaa9fb622c8c31b4bef', 'runID': '146630'}"
3860,16.7998,2021-06-13 12:03:07,"{'label': 'b013c58e82c67574b137d33d275c7b9328446b70', 'runID': '146826'}"
3921,16.8646,2021-01-18 16:11:08,"{'label': '16bf02c3a19d4e1f4a19cb243de612e17f54f5a9', 'runID': '140296'}"
4037,16.6111,2021-01-20 12:07:48,"{'label': 'cab20f61057760e3f9d7e12a9b25f3934ebd1ea4', 'runID': '140341'}"
4071,16.5567,2021-02-15 23:07:07,"{'label': '22f00f61dd5483a9fdaed3b7592d392c23b3646a', 'runID': '141108'}"
4147,16.49,2021-02-28 15:41:41,"{'label': '25e60f645ac8bf09e00bfff95c9d20d63616d687', 'runID': '141841'}"
4184,16.5696,2021-03-13 16:10:54,"{'label': 'b26c953f55d659ed5148f38e34716efb696b5016', 'runID': '142190'}"
4190,16.7981,2021-04-30 16:11:58,"{'label': 'a27af1d8166cc8cebd6ecfed94042852922d8239', 'runID': '144811'}"
4205,16.6317,2021-06-12 06:38:12,"{'label': 'c27e8141b3d1265d2ab1cb951c4330b961fab9ee', 'runID': '146768'}"
4290,16.2413,2021-04-26 08:10:07,"{'label': 'bd32c2d64842c8d474bcce0e73dcd8918b3e0f2f', 'runID': '144542'}"
4416,16.461,2021-02-21 15:56:01,"{'label': '38ab47c8136d4f928cfd4babb89cb3c7ab783437', 'runID': '141440'}"
4454,16.4781,2021-04-23 00:17:11,"{'label': '40beb1f84a3d72ea39fcee1dcb66c3cefb5d5644', 'runID': '144357'}"
4484,16.5541,2021-06-06 15:34:49,"{'label': 'c41a8fbfbb096995367947e5ef7d36501b04d493', 'runID': '146437'}"
4498,16.5498,2021-05-27 23:59:55,"{'label': 'e41aaea26238d0a5cb19163863819786e24f0e02', 'runID': '145923'}"
4503,16.5329,2021-06-04 12:13:33,"{'label': 'e42ee2d50963eb12e4d2dc0a20f36b1cb2af8543', 'runID': '146329'}"
4566,16.6405,2021-02-06 06:11:12,"{'label': 'e44a1009428304d2203ab5b99d479ab2a0abf53a', 'runID': '140703'}"
4574,16.6955,2021-01-24 05:49:48,"{'label': '45ad6fac6ad0dea2a1f7a1c6b65b64d230757667', 'runID': '140471'}"
4639,17.0409,2021-01-17 00:47:07,"{'label': 'a048ce13e32daa255d26533c00da8abd0b67e819', 'runID': '140258'}"
4652,16.8555,2021-03-20 04:28:35,"{'label': 'ea48bf8649e12db8dc85078b001b9cc8d52a72b5', 'runID': '142440'}"
4724,16.8377,2021-01-21 08:03:39,"{'label': '51f4958057d6c246e85c3fbc65353bc0d7c1049b', 'runID': '140365'}"
4728,16.1528,2021-02-23 16:41:34,"{'label': '52bc2e7577f338704438e18c95dea756657eca21', 'runID': '141555'}"
4754,16.5635,2021-03-05 04:10:38,"{'label': 'ed53de25f8bebaeb63b6abe8156ce12009f133f6', 'runID': '141988'}"
4891,16.608,2021-05-28 03:49:04,"{'label': '59b8afe50274be975c62a4b11db49c84a874c0c0', 'runID': '145931'}"
4926,16.5701,2021-05-19 05:57:43,"{'label': '60a097e5112d81707ac65f943e970428b9a953dc', 'runID': '145416'}"
4941,16.8413,2021-02-18 08:16:10,"{'label': '61efa3d93f733c6310abf079cd27f99868c38461', 'runID': '141249'}"
4989,16.5631,2021-04-28 04:58:33,"{'label': '63cfab4f40390bf10a313039adf0b955db9706b9', 'runID': '144663'}"
5239,16.5345,2021-03-11 20:14:01,"{'label': '73f94969b29f0154288cbc6f17cc44ea004cc069', 'runID': '142143'}"
5381,16.707,2021-05-15 00:09:32,"{'label': '80c534a8f97fef050ebbe3411413018abd2ca2ae', 'runID': '145265'}"
5385,16.4149,2021-01-24 23:57:50,"{'label': 'a80ebd01798ca82a4f5ffd6d355c5c9facd83375', 'runID': '140488'}"
5394,16.5816,2021-06-11 04:09:49,"{'label': '081ae5fe1aa3ead6d9da75747d3698f09ff89cb9', 'runID': '146705'}"
5415,16.4075,2021-05-14 07:30:29,"{'label': 'c82a0ae70e280c1c40b1af09ef275ddc7ed4254d', 'runID': '145246'}"
5571,16.4109,2021-02-05 16:09:18,"{'label': 'd88c55ab95c9985e366b62569f2a50cf8ce5c469', 'runID': '140688'}"
5577,16.6614,2021-05-15 19:09:31,"{'label': '88a8965a7d9355438cb6bc60cdeeac12858342c9', 'runID': '145286'}"
5714,16.6094,2021-02-24 12:08:46,"{'label': 'b94c215592bdba915455895b2041398dfb2ac44a', 'runID': '141608'}"
5810,16.5325,2021-02-15 16:08:00,"{'label': '99dbc0fa76010f3dcbb4c1b63bfa410c1ad44e7c', 'runID': '141090'}"
5888,16.891,2021-06-06 11:28:34,"{'label': '139a36454f842c7936ba461279e862488e894637', 'runID': '146428'}"
5903,16.5584,2021-01-23 03:40:07,"{'label': '147c0c263d88a9702aba17fbeac62ff83e6c1319', 'runID': '140439'}"
5904,16.441,2021-01-19 03:37:41,"{'label': 'e147eccafa157668c9cd0eb26f0042ad82425874', 'runID': '140306'}"
5940,16.5712,2021-01-19 12:21:35,"{'label': '172f1f8952c977c0101ba19e6ecb9474aa3bdd4b', 'runID': '140316'}"
5952,16.5962,2021-02-21 23:01:28,"{'label': '183bbad1d78a4bf445ec4db1ce01673f6a7feb37', 'runID': '141456'}"
5994,16.5018,2021-03-22 04:02:02,"{'label': '209ceed745253cfcf3d05c72b9bdc76b439bc1fb', 'runID': '142566'}"
6030,16.7421,2021-05-16 07:16:50,"{'label': 'ecb235d94014903ec60e1539e6f0105ea6a4b089', 'runID': '145293'}"
6217,16.5842,2021-02-27 15:05:58,"{'label': '356cdabd3a9e0ff919ea2c1a35c8706ecb915297', 'runID': '141788'}"
6419,16.7742,2021-04-25 20:01:03,"{'label': '504eee28fe0ff4cf582f623b2ee83e9940e33024', 'runID': '144513'}"
6444,16.5728,2021-02-13 16:19:14,"{'label': 'f515ca8995ce3695c6e92d83ffca2012dc753bb3', 'runID': '140984'}"
6497,16.6298,2021-06-05 21:15:58,"{'label': '551a697c5cf33275b66add4fc467fcf59084cffb', 'runID': '146405'}"
6537,16.4921,2021-04-28 11:44:40,"{'label': '584e9b6e4b4987b882719923e640eed854613d91', 'runID': '144679'}"
6549,16.5223,2021-03-16 04:38:51,"{'label': 'dddd590fd0bcc7e3f0cc9769fe3bad8556aa5c8a', 'runID': '142242'}"
6622,16.8905,2021-02-23 12:18:15,"{'label': '633e090528dbc9b6dd380771046af8463bbb5fe1', 'runID': '141546'}"
6669,16.8364,2021-06-11 00:32:09,"{'label': '670edf3ee0045ce007f2f6aec94a2c3344c5682e', 'runID': '146698'}"
6757,16.6283,2021-03-12 15:53:36,"{'label': '731b3d766420ce05726174ff0e1527dca8a63791', 'runID': '142165'}"
6805,16.4402,2021-02-15 03:08:59,"{'label': 'e764e9e32c20914948787cc28996ecaab257628d', 'runID': '141062'}"
6900,16.4818,2021-02-25 12:05:32,"{'label': '821f8bb29a8967fc1dc6520fda4a2b94b9c7ea0d', 'runID': '141672'}"
6949,15.9376,2021-02-06 04:02:01,"{'label': '853a2649160c1c80b9bbd38a20b53ca8fab704e8', 'runID': '140701'}"
6974,16.503,2021-02-05 23:43:46,"{'label': 'a872ee2f36d1be16c1b6d4eeac623852434df0bb', 'runID': '140697'}"
7016,16.6168,2021-03-07 20:28:48,"{'label': '898b40645d4452ac470896783947d8c397422b02', 'runID': '142040'}"
7028,16.6347,2021-02-13 08:10:05,"{'label': '905cf88d1877fc080f30fe684dda6743bc83f555', 'runID': '140962'}"
7063,16.4951,2021-05-15 22:11:48,"{'label': 'f933f7fbd047802456f9d614daf0f0dfb3c7c45f', 'runID': '145289'}"
7100,16.5963,2021-02-20 03:48:18,"{'label': 'a952d7291e99aded397073f61e091c0f011da779', 'runID': '141363'}"
7110,16.657,2021-03-23 07:33:17,"{'label': '960a7673683f86e08d30ab815996e4248be77d5b', 'runID': '142642'}"
7128,16.4721,2021-05-17 04:06:56,"{'label': '976a3e5f61415e784c85b341180eac300cc8b7a5', 'runID': '145312'}"
7178,16.6334,2021-03-21 14:59:56,"{'label': 'ece1403acadadf0b101bc68a8c69c613ca4f816f', 'runID': '142531'}"
7254,16.6667,2021-03-21 08:02:53,"{'label': '2288a75d9eceeabdffcd72789d97386ee10962fb', 'runID': '142514'}"
7285,16.6479,2021-03-01 15:58:42,"{'label': '2632ba6a358a62c5cbaddc141de81b756b68698f', 'runID': '141885'}"
7311,16.8138,2021-01-23 23:32:52,"{'label': 'd2927f786e877410d90c1e6f0e0c7d99524529c5', 'runID': '140464'}"
7327,16.6335,2021-03-17 12:24:27,"{'label': 'cca3167de0b6f95916fa9d2338beccb74132e526', 'runID': '142282'}"
7404,16.5768,2021-02-12 23:56:52,"{'label': '4220a81c847949793185190cbc545cef006cd807', 'runID': '140941'}"
7431,16.5545,2021-03-02 07:49:30,"{'label': '4444b343d7e208e6e6f7ee885d380d90df1c231d', 'runID': '141915'}"
7443,16.821,2021-06-12 12:47:03,"{'label': 'b4583a5ad73b633c3eac5ffbad93f2405e1418ab', 'runID': '146778'}"
7444,16.3141,2021-05-12 16:20:07,"{'label': 'cf4610d27bbb5c3a744374440e2fdf77caa12040', 'runID': '145203'}"
7471,16.5791,2021-01-29 15:33:44,"{'label': '5046c5be8459a9631eeb149337776dcbde0e2a0b', 'runID': '140620'}"
7473,16.453,2021-04-24 20:25:54,"{'label': 'a5051f2fa2f20405a7cd0630067afc338f6c6d44', 'runID': '144468'}"
7496,16.2755,2021-01-16 22:48:16,"{'label': '5238e7b302ffc40707677960da9d64e872745dac', 'runID': '140252'}"
7504,17.0404,2021-03-09 00:06:50,"{'label': 'fe5305b3993ce382f3b09c8bc9e37e526b0704f1', 'runID': '142064'}"
7676,16.4853,2021-05-16 19:05:59,"{'label': '6974f1843321ee4d15b7d82d0ccfb4e8cbe76f0b', 'runID': '145307'}"
7727,16.538,2021-02-16 16:20:00,"{'label': 'a7455d7b7ce33bb4d04106e26f242e6cb24f3042', 'runID': '141147'}"
7752,16.5598,2021-05-22 00:20:59,"{'label': 'f7788e1bff223a58292b8b1d0818dac63b713ead', 'runID': '145585'}"
7778,16.7141,2021-01-16 02:38:41,"{'label': 'e8049dc3c8a46ccd75ce2a4f438d695d20feb660', 'runID': '140203'}"
7812,16.8223,2021-01-16 07:15:45,"{'label': '8456c3a789285079ad35d146e487436b5a27b027', 'runID': '140215'}"
7869,16.5115,2021-05-18 16:25:36,"{'label': '8998a8aa97f81c758403615ec897ce79c1ccdcad', 'runID': '145386'}"
7886,16.6483,2021-03-08 03:45:35,"{'label': 'df9158c9a45a6902c2b0394f9bd6512e3e441f31', 'runID': '142044'}"
7891,16.4994,2021-02-21 08:29:32,"{'label': 'd9207d3f0bad15caefbb44f307e42862a755333b', 'runID': '141430'}"
7964,16.8651,2021-02-16 11:55:52,"{'label': '10826ea7b1c12c2afe421448996f98ed66869020', 'runID': '141137'}"
8045,16.6356,2021-01-23 16:01:46,"{'label': '25531a1d9657897e648d93f776a3abb70e9816ef', 'runID': '140454'}"
8168,16.5388,2021-05-23 14:34:07,"{'label': 'f47575f83ceac6b3023b540de4286239f61a5107', 'runID': '145663'}"
8174,16.4281,2021-06-06 06:53:38,"{'label': '48252d7570bdf5ab77451d0f049047f1c40742dd', 'runID': '146416'}"
8352,16.8278,2021-02-14 00:41:05,"{'label': 'a80232bd5f125ab81554882825a564bdc7ab8e0c', 'runID': '141005'}"
8375,16.617,2021-03-14 19:39:32,"{'label': '84094fb4fd0bc0c1f621757efc328a6ebcf8b847', 'runID': '142202'}"
8430,16.599,2021-04-25 13:12:59,"{'label': '92880ab7a2b2145f0605f367cd6d53d6892903c3', 'runID': '144496'}"
8433,16.6368,2021-06-13 03:38:33,"{'label': 'aa93603ff6a4bfd92c64e4f75d60ae9c84d5cdf5', 'runID': '146808'}"
8452,16.7565,2021-01-21 01:29:23,"{'label': '96296d9220ee5193f6ad7ff181d42c10d9f3c7e3', 'runID': '140357'}"
8479,16.7057,2021-01-24 18:51:54,"{'label': '116177afcce88d807c1beffcb9221999ad8a69a9', 'runID': '140481'}"
8651,16.5582,2021-03-10 00:47:53,"{'label': 'b627802e81ee5ab176f9e8b318e01f73c1e961b9', 'runID': '142094'}"
8752,16.7129,2021-03-20 15:45:25,"{'label': 'f860187ea6e9b30e1ecf74784f0af0e0c9ecc01c', 'runID': '142471'}"
8964,16.4314,2021-03-10 07:56:10,"{'label': 'c7635040ce0a546020cbcd9f2030817725bd7494', 'runID': '142102'}"
9006,16.5464,2021-02-21 03:39:29,"{'label': '9524632fa2bf8c894e4aac27f03631a1915d84d3', 'runID': '141422'}"
9008,17.0065,2021-03-18 23:54:31,"{'label': '9558456b5370e64560e76f6580b979fccadd4744', 'runID': '142361'}"
9109,16.4794,2021-02-15 06:45:00,"{'label': '080866470d3e32f2e5e0e4842b68c44777d189bb', 'runID': '141068'}"
9239,16.724,2021-05-11 23:33:02,"{'label': 'fec2945998947f04d672e9c5f33b57f7177474c0', 'runID': '145182'}"
9245,16.5032,2021-02-24 20:19:31,"{'label': '3475159122b656ff098e2f44af32dc56f3beb610', 'runID': '141629'}"
9303,16.543,2021-03-13 19:47:33,"{'label': '55566609711f284581d822576705354444e6a7f0', 'runID': '142193'}"
9325,16.7929,2021-02-01 03:17:15,"{'label': 'ff460268973533e8d39a7714223891d1b7c62d67', 'runID': '140664'}"
9355,16.7409,2021-05-21 04:04:10,"{'label': '49028858637946ce8c00f12e41138b5ed7783276', 'runID': '145533'}"
9369,16.499,2021-02-22 12:09:02,"{'label': '481351809284428401f4e6262d7c0b8efdd86592', 'runID': '141482'}"
